track_id,mood_label,lang_bucket,year_bucket,status,has_preview,preview_url,deezer_id
5SsJUr7vcIPYpgD87tmw8j,calm,likely_western_other,2010_2019,matched,True,"https://cdnt-preview.dzcdn.net/api/1/1/d/3/c/0/d3ce9aa336c9906fa70ec4290f2b7e50.mp3?hdnea=exp=1781590751~acl=/api/1/1/d/3/c/0/d3ce9aa336c9906fa70ec4290f2b7e50.mp3*~data=user_id=0,application_id=42~hmac=f0e400f12f29025cd52fce2cbdd5acf2ea612ce76f5e8d5b9db86f28f82708e0",872018002.0
3ivOqkSuI9xKFjgRdukz4K,happy,likely_western_other,2010_2019,matched_fuzzy,True,"https://cdnt-preview.dzcdn.net/api/1/1/c/f/0/0/cf06f042d5821ec3787f498f01b62051.mp3?hdnea=exp=1781590759~acl=/api/1/1/c/f/0/0/cf06f042d5821ec3787f498f01b62051.mp3*~data=user_id=0,application_id=42~hmac=12a751fad00ab2f2eb4417d24be4477ca2d437ec8e96ca61bb75118d1d0ee398",3786521932.0
6RE61JJoXPSFBYJRxkXCes,romantic,likely_western_other,2020_plus,matched,True,"https://cdnt-preview.dzcdn.net/api/1/1/d/5/d/0/d5d87cd046adbed2efc6b99f5b1f2ce5.mp3?hdnea=exp=1781590762~acl=/api/1/1/d/5/d/0/d5d87cd046adbed2efc6b99f5b1f2ce5.mp3*~data=user_id=0,application_id=42~hmac=ea896e900bc53ef03a32d6872c4caebc3c54add09fd83d042403b068aa6320c3",1575269.0
4abdNEMu86qqrOCLBG96i3,romantic,likely_vn,2020_plus,matched,True,"https://cdnt-preview.dzcdn.net/api/1/1/5/5/e/0/55ed3102af54e0782340eff925cd52c4.mp3?hdnea=exp=1781590766~acl=/api/1/1/5/5/e/0/55ed3102af54e0782340eff925cd52c4.mp3*~data=user_id=0,application_id=42~hmac=980368d1a66f83c2f9e9f325fe4401ceeaf9ebfbc00013962a8227c55ce328e5",1786910267.0
5NF47u7VPYlk4y66rY0qQw,calm,likely_western_other,2020_plus,matched,True,"https://cdnt-preview.dzcdn.net/api/1/1/7/a/7/0/7a7fee7a9db59ad5ca315517b1458f71.mp3?hdnea=exp=1781590774~acl=/api/1/1/7/a/7/0/7a7fee7a9db59ad5ca315517b1458f71.mp3*~data=user_id=0,application_id=42~hmac=d5b59d8b2c753a8d39dc766524141ff7b8e73831ffbb63e7581157fc209e268a",2438874785.0
41DlPJXKTCypXdf2eSqa03,happy,likely_vn,2020_plus,error:ConnectionError,False,,
5K5o6AfJJ1CavH4o3xvMrK,energetic,likely_western_other,2020_plus,matched_fuzzy,True,"https://cdnt-preview.dzcdn.net/api/1/1/e/d/f/0/edfe4813bd5c648663c353e8f92f228e.mp3?hdnea=exp=1781590793~acl=/api/1/1/e/d/f/0/edfe4813bd5c648663c353e8f92f228e.mp3*~data=user_id=0,application_id=42~hmac=02dc2b03005784bfa366a75bfd0de8bfa5d07833f2e2f3564e1b79f93ec73c79",2562219522.0
6na6cJmjQWJA2aPclez9ot,calm,likely_western_other,2020_plus,matched,True,"https://cdnt-preview.dzcdn.net/api/1/1/a/1/f/0/a1f8cc3271598ba347a2579171890614.mp3?hdnea=exp=1781590795~acl=/api/1/1/a/1/f/0/a1f8cc3271598ba347a2579171890614.mp3*~data=user_id=0,application_id=42~hmac=c114d3a2c440f829c0da2372c78f661738db1d0680939c4a847cd921e81ba0e7",3083107081.0
3Dw9lMKAtrorXeW0wec1dr,happy,likely_western_other,2020_plus,matched,True,"https://cdnt-preview.dzcdn.net/api/1/1/3/2/a/0/32a33b6adca84b2b5ec788a2cb492ad0.mp3?hdnea=exp=1781590799~acl=/api/1/1/3/2/a/0/32a33b6adca84b2b5ec788a2cb492ad0.mp3*~data=user_id=0,application_id=42~hmac=a72a05e086f6a03dcbd83fc1fa28861f6699158bad930ea6c6349e787105f1a8",3076153081.0
4hWwJgeBd5IQALbxVzi3pC,sad,likely_western_other,2020_plus,matched,True,"https://cdnt-preview.dzcdn.net/api/1/1/2/e/6/0/2e6b502d87cc741f5d3d2d8c61ca10fe.mp3?hdnea=exp=1781590803~acl=/api/1/1/2/e/6/0/2e6b502d87cc741f5d3d2d8c61ca10fe.mp3*~data=user_id=0,application_id=42~hmac=6ca89da0d716c52bb46e8379dec31c7934a6009e764be8dbff792e2424b33f30",3216735101.0
26Lm1VpF6behZ8q6DKjI5z,happy,likely_western_other,2020_plus,matched,True,"https://cdnt-preview.dzcdn.net/api/1/1/a/b/f/0/abf8e65d9ccc5b126d8a244dd8e2964a.mp3?hdnea=exp=1781590805~acl=/api/1/1/a/b/f/0/abf8e65d9ccc5b126d8a244dd8e2964a.mp3*~data=user_id=0,application_id=42~hmac=d41dfae8ef13a81c890485a2152751a777cf65885edd9301258f8313d28b9255",3101368671.0
5TtJqLP1z3YlZU9wWYN1f2,sad,likely_western_other,unknown_year,matched,True,"https://cdnt-preview.dzcdn.net/api/1/1/6/c/8/0/6c89f046e6a09ed9dcc4c4dec870d215.mp3?hdnea=exp=1781590809~acl=/api/1/1/6/c/8/0/6c89f046e6a09ed9dcc4c4dec870d215.mp3*~data=user_id=0,application_id=42~hmac=1870815664bd1dd2e9424de33ce7d9227765c8a4717fe4ea5102e4e256ec4987",1643648122.0
5WpZntq9TGLnKAC94emdK3,happy,likely_asia_non_vn,2020_plus,error:ConnectionError,False,,
3djvqQXmsAwNF1voS2ApAv,energetic,likely_western_other,2010_2019,matched,True,"https://cdnt-preview.dzcdn.net/api/1/1/7/f/1/0/7f14a9d9b7c4aa7eecf659bdae71f940.mp3?hdnea=exp=1781590824~acl=/api/1/1/7/f/1/0/7f14a9d9b7c4aa7eecf659bdae71f940.mp3*~data=user_id=0,application_id=42~hmac=3174087bddd910e22d3fdcda0d7013549791f22c213d2e228dbff25d9079ac2d",1364347342.0
6QGzdTyc42vrNaQP3uH4jO,happy,likely_western_other,2020_plus,error:ConnectionError,False,,
5a8Y3kaXLFoAgavItbUFoC,sad,likely_western_other,2020_plus,matched,True,"https://cdnt-preview.dzcdn.net/api/1/1/6/c/6/0/6c6e0cb5468cac063b6f0aff5c92d3c6.mp3?hdnea=exp=1781590838~acl=/api/1/1/6/c/6/0/6c6e0cb5468cac063b6f0aff5c92d3c6.mp3*~data=user_id=0,application_id=42~hmac=8c90d06d6e7974bb8e4f9e7973381efc1ef4d8e4d93a0854be0aee9a86ed28c9",4078891091.0
1ozZOj5HWLuA0yYjG5yLY6,happy,likely_vn,2020_plus,error:ConnectionError,False,,
523iOSL6R2OomhVMGcfxdy,romantic,likely_western_other,unknown_year,error:ConnectionError,False,,
07tiPBhMqiKqHowwqDBtfK,sad,likely_western_other,2020_plus,error:ConnectionError,False,,
4tMVgNhHAj0b743NZ2640Q,romantic,likely_western_other,2020_plus,matched_fuzzy,True,"https://cdnt-preview.dzcdn.net/api/1/1/3/1/0/0/310944324cd0714b6518ae7a3ee98e6f.mp3?hdnea=exp=1781590875~acl=/api/1/1/3/1/0/0/310944324cd0714b6518ae7a3ee98e6f.mp3*~data=user_id=0,application_id=42~hmac=206593012473da5ccff042d21ae602315b64df49074ca1afed04379c01be878e",126751289.0
0cS68JM1etmzjnxATZTn1p,happy,likely_vn,2020_plus,error:ConnectionError,False,,
70O1zXTDvBeexOfj6ZQk8Z,calm,likely_western_other,2020_plus,error:ConnectionError,False,,
5rTC3tKShDyYK0wk0rq96X,energetic,likely_western_other,2020_plus,matched,True,"https://cdnt-preview.dzcdn.net/api/1/1/5/d/2/0/5d2c213eb7faea586942f771f8f95e2f.mp3?hdnea=exp=1781590900~acl=/api/1/1/5/d/2/0/5d2c213eb7faea586942f771f8f95e2f.mp3*~data=user_id=0,application_id=42~hmac=5059b4b80fbf5ba5e6528651aa7c3db6beb896cae734e84d360daca0ca6c9ad3",1705589017.0
22rEJNsM55diuICDmYljRc,energetic,likely_western_other,2010_2019,matched,True,"https://cdnt-preview.dzcdn.net/api/1/1/a/4/a/0/a4a4e29543b1af9cb72066e544559594.mp3?hdnea=exp=1781590909~acl=/api/1/1/a/4/a/0/a4a4e29543b1af9cb72066e544559594.mp3*~data=user_id=0,application_id=42~hmac=332816bc0d77e4bd3079e07d8d4f54b1946ac0378e46f1b7db288dc03eb945ae",90780795.0
1OFjWqPsPZ2rJLrfPPcvka,calm,likely_western_other,2020_plus,error:ConnectionError,False,,
3j7BmtTQ4FULWOtCIdeym1,energetic,likely_western_other,2020_plus,error:ConnectionError,False,,
4j6ddVlr32EZPjAdWuSoh0,calm,likely_western_other,2020_plus,matched_fuzzy,True,"https://cdnt-preview.dzcdn.net/api/1/1/a/9/6/0/a96259454618262d9e809c49ffaa0290.mp3?hdnea=exp=1781590937~acl=/api/1/1/a/9/6/0/a96259454618262d9e809c49ffaa0290.mp3*~data=user_id=0,application_id=42~hmac=befb114be126b395ff62955eaa7b6d7baf9246ab89b663373047b50e8fbfda6b",1030384352.0
1b1PKEiwEP6QLWxVTYzi41,calm,likely_western_other,2020_plus,matched,True,"https://cdnt-preview.dzcdn.net/api/1/1/0/b/7/0/0b7e6a98880de473ca84cfbb6bf47466.mp3?hdnea=exp=1781590941~acl=/api/1/1/0/b/7/0/0b7e6a98880de473ca84cfbb6bf47466.mp3*~data=user_id=0,application_id=42~hmac=075a413ec57012099958f98179a32ddacf3c079cc8e87f9bacc129f6c4bc74cc",3049313581.0
5MgIzjFNvOp66bPy0iBDIq,happy,likely_western_other,pre_2010,matched_fuzzy,True,"https://cdnt-preview.dzcdn.net/api/1/1/1/b/5/0/1b54878b968c34360798e5f79842b08b.mp3?hdnea=exp=1781590949~acl=/api/1/1/1/b/5/0/1b54878b968c34360798e5f79842b08b.mp3*~data=user_id=0,application_id=42~hmac=f7d514c7b1052dff8649f9a1a0cad9571cf6731037664da95c363ca58a7994c2",426740632.0
1Lse9SvVCQpG7Ngg49fTwt,happy,likely_vn,2020_plus,matched,True,"https://cdnt-preview.dzcdn.net/api/1/1/6/b/4/0/6b4883f027f5d65a928f07ea708f57e9.mp3?hdnea=exp=1781590950~acl=/api/1/1/6/b/4/0/6b4883f027f5d65a928f07ea708f57e9.mp3*~data=user_id=0,application_id=42~hmac=f0a658af68204f871ba4608ac360d41782d1c2774e21e17ee2de68d486cd45e8",3116613991.0
5x8OSRZ0BhMUkLOo7eUHSm,sad,likely_western_other,2020_plus,error:ConnectionError,False,,
5IUigdd8mAcJ210z3tkUrM,sad,likely_western_other,2020_plus,error:ConnectionError,False,,
09IStsImFySgyp0pIQdqAc,calm,likely_western_other,2010_2019,matched,True,"https://cdnt-preview.dzcdn.net/api/1/1/1/5/4/0/154bb90a4c9c55b8af8189995068b473.mp3?hdnea=exp=1781590976~acl=/api/1/1/1/5/4/0/154bb90a4c9c55b8af8189995068b473.mp3*~data=user_id=0,application_id=42~hmac=1ee1a04c18e484adf50ee9817fdced1e47725b72f78b08da9e0e994a56eb3630",1053608512.0
34Kl2xaYe3jdY2lVqA4c3J,romantic,likely_vn,2020_plus,matched,True,"https://cdnt-preview.dzcdn.net/api/1/1/9/5/b/0/95b75124e7f13176b51e55c7a1d78a6e.mp3?hdnea=exp=1781590977~acl=/api/1/1/9/5/b/0/95b75124e7f13176b51e55c7a1d78a6e.mp3*~data=user_id=0,application_id=42~hmac=1fb003851945f5bf477ec96935227a6ca11cc7b7da35e87668a022354bc9061e",3310119321.0
2xd3I7xa20UUBnF1Fe3xwO,sad,likely_western_other,2020_plus,matched,True,"https://cdnt-preview.dzcdn.net/api/1/1/5/d/9/0/5d9e174dc23830e120d8b3e39efcb270.mp3?hdnea=exp=1781590979~acl=/api/1/1/5/d/9/0/5d9e174dc23830e120d8b3e39efcb270.mp3*~data=user_id=0,application_id=42~hmac=5d36f45c243af9217019e6c49eeb1ee0f19c27342b42c518bdc736f52da73d24",3520407181.0
3OjCfATz0aDdfndJ4hWCKU,calm,likely_western_other,2020_plus,error:ConnectionError,False,,
3Zf0BzU8CPFyyGAXtoSf5p,romantic,likely_western_other,unknown_year,error:ConnectionError,False,,
2LSp1LZoBanZZrYXtL2Ke8,calm,likely_western_other,2020_plus,error:ConnectionError,False,,
1md8v8FG46KecYiMap2XTD,calm,likely_western_other,2020_plus,error:ConnectionError,False,,
1DDVS0h3OwiLtQvLaXRhYw,romantic,likely_asia_non_vn,2020_plus,error:ConnectionError,False,,
6t3fmhTVoqCZ2qXOSmSvka,happy,likely_western_other,2020_plus,error:ConnectionError,False,,
5iC3q4sudMGZrjAxUm3Chl,stressed,likely_western_other,2020_plus,error:ConnectionError,False,,
70xt0VZFShxSbfhTg3NcmF,happy,likely_western_other,2020_plus,error:ConnectionError,False,,
3mZ7GgA2cA6YW2yhwBl75K,calm,likely_vn,2020_plus,error:ConnectionError,False,,
4m4xIMb4GE4n0N8GlRDm6e,romantic,likely_western_other,2020_plus,matched_fuzzy,True,"https://cdnt-preview.dzcdn.net/api/1/1/8/e/e/0/8eed042f822f53c9c0a06e93fb1de070.mp3?hdnea=exp=1781591095~acl=/api/1/1/8/e/e/0/8eed042f822f53c9c0a06e93fb1de070.mp3*~data=user_id=0,application_id=42~hmac=9b86a54c9f81447467d0f158bf0da58646067319d70b55e920b16bb2516a11f2",3646376432.0
7FfnZ4nqNLwUoGboIOfo5a,romantic,likely_western_other,2020_plus,error:ConnectionError,False,,
02rZGW3mtX6gbiuagcf2s2,sad,likely_western_other,2020_plus,matched,True,"https://cdnt-preview.dzcdn.net/api/1/1/f/6/8/0/f68487ba2ed16b281cc2cb6cca2f950d.mp3?hdnea=exp=1781591108~acl=/api/1/1/f/6/8/0/f68487ba2ed16b281cc2cb6cca2f950d.mp3*~data=user_id=0,application_id=42~hmac=edd1aba0527624ca1524fe638d042ac8ab9de2b1e3a532506cc5698710d61ec9",3367541141.0
1U6fFMRV3gpugxKE2TEuQ6,happy,likely_western_other,2020_plus,matched,True,"https://cdnt-preview.dzcdn.net/api/1/1/0/3/1/0/031d3f29397f75f46d71aa4b130aee94.mp3?hdnea=exp=1781591116~acl=/api/1/1/0/3/1/0/031d3f29397f75f46d71aa4b130aee94.mp3*~data=user_id=0,application_id=42~hmac=5832dec64c3ad0164dea7c31e785978fdb3207f6011a61fca8b541d371a6f929",3149849811.0
1YBUeR1aTgvA2MIrFcn7Q6,happy,likely_western_other,2010_2019,error:ConnectionError,False,,
5haXbSJqjjM0TCJ5XkfEaC,happy,likely_western_other,pre_2010,error:ConnectionError,False,,
13MAWVUSkbGMUi6I7RowRK,sad,likely_western_other,pre_2010,not_found,False,,
2sFUQUX2OmWdyUrDEpz2OF,calm,likely_western_other,2020_plus,error:ConnectionError,False,,
4uROurXZf22uUzjcKL2zv2,calm,likely_western_other,2020_plus,error:ConnectionError,False,,
5aaY8s8X72TDkuNutmWqgl,romantic,likely_western_other,2010_2019,error:ConnectionError,False,,
7f2QxIIuSDKuOoDonweNsu,happy,likely_western_other,2020_plus,matched,True,"https://cdnt-preview.dzcdn.net/api/1/1/4/6/6/0/466d9d0d8c951a01ec81ec5f0685935e.mp3?hdnea=exp=1781591187~acl=/api/1/1/4/6/6/0/466d9d0d8c951a01ec81ec5f0685935e.mp3*~data=user_id=0,application_id=42~hmac=c4fd6a97795e873ff881e5442b06482cdf29913a869f5f7c7e867c7366246e01",3991144371.0
2aoXRKTYEA4r34eQ5WkD1D,energetic,likely_western_other,2010_2019,error:ConnectionError,False,,
5Zg3pW4CLDUzQ4sLcjdLJC,energetic,likely_western_other,2020_plus,matched_fuzzy,True,"https://cdnt-preview.dzcdn.net/api/1/1/9/1/0/0/9107ee6ec9ce6d92a734fa2ec47ce12e.mp3?hdnea=exp=1781591202~acl=/api/1/1/9/1/0/0/9107ee6ec9ce6d92a734fa2ec47ce12e.mp3*~data=user_id=0,application_id=42~hmac=9808f14ba78b6296adcc50bad9a341e728bdf807c6ac78e6d16b77f268c07654",1532161282.0
2zf9YQTeRrXB0wWhjsLYet,calm,likely_western_other,pre_2010,matched,True,"https://cdnt-preview.dzcdn.net/api/1/1/d/6/6/0/d669812c73cde322d511cec3b0c0d709.mp3?hdnea=exp=1781591209~acl=/api/1/1/d/6/6/0/d669812c73cde322d511cec3b0c0d709.mp3*~data=user_id=0,application_id=42~hmac=d95566c90fbf9bcfff74d3622c5c2110df151075fcb6cf79e853a1372957fc07",2355482145.0
6JCgjW0daPZ2hkkciOPTX4,sad,likely_vn,2010_2019,error:ConnectionError,False,,
5qns60s4KH03UOJnEJhRVp,romantic,likely_western_other,2020_plus,error:ConnectionError,False,,
0CkLGBnqvctknGTyzMiB6P,calm,likely_western_other,2020_plus,error:ConnectionError,False,,
3FNqnLpjBKKqoQrpVSGgqR,calm,likely_western_other,2020_plus,error:ConnectionError,False,,
5Hfhlz6uIF3hF96Yqd5vWi,happy,likely_western_other,2010_2019,error:ConnectionError,False,,
6h1s7cKnUtsbRpE5bwnUTf,calm,likely_western_other,2020_plus,error:ConnectionError,False,,
2HJgd0fCqIPJ03YAxSqjYD,happy,likely_western_other,2010_2019,not_found,False,,
1tBNOaEglfvRysXxnoEHii,romantic,likely_western_other,2020_plus,error:ConnectionError,False,,
24YjMHwrN1di1vXrpj4z3C,sad,likely_vn,2020_plus,matched_fuzzy,True,"https://cdnt-preview.dzcdn.net/api/1/1/f/0/c/0/f0c1d2a708da1a982491388daf9ed678.mp3?hdnea=exp=1781591304~acl=/api/1/1/f/0/c/0/f0c1d2a708da1a982491388daf9ed678.mp3*~data=user_id=0,application_id=42~hmac=dd3390dbb573369b53daf4731093aa95d8e46efe909a322b5113c9aacb30e9f0",2967772961.0
21EbEcL75R5UmkJ8L8MHQB,calm,likely_vn,2010_2019,error:ConnectionError,False,,
4FjWgKTRrQEQlFd1mPKkzk,happy,likely_western_other,2020_plus,matched,True,"https://cdnt-preview.dzcdn.net/api/1/1/5/b/0/0/5b0442f348184ebf64e3b1165d8f3c80.mp3?hdnea=exp=1781591319~acl=/api/1/1/5/b/0/0/5b0442f348184ebf64e3b1165d8f3c80.mp3*~data=user_id=0,application_id=42~hmac=4b64b9cdb17243fb3e8414efdd11c635b140da3dbdbd98213de23dd6d5142af9",3602432632.0
1FVx8locCgrzs5zphX2eeo,sad,likely_western_other,2020_plus,error:ConnectionError,False,,
2cg9Yw93LcQ2y7ZZONdIVJ,happy,likely_western_other,2010_2019,not_found,False,,
62KYfsqveMHjmwZbU69OH7,happy,likely_western_other,2020_plus,error:ConnectionError,False,,
4tAmSVGepUkektLE1AYwUo,calm,likely_western_other,2010_2019,error:ConnectionError,False,,
2PedGWus3MJOEtuvwZ1WEW,calm,likely_western_other,2020_plus,matched,True,"https://cdnt-preview.dzcdn.net/api/1/1/3/4/a/0/34ab27ab8eb15dd51902053ed8b3321e.mp3?hdnea=exp=1781591374~acl=/api/1/1/3/4/a/0/34ab27ab8eb15dd51902053ed8b3321e.mp3*~data=user_id=0,application_id=42~hmac=bdc26145e2d2d32f5f540d1759b20854d1584435e5da3b7fda82e739d27f0ae0",960961742.0
3RfcPFJ5xglmNDmXwURhdM,calm,likely_western_other,2020_plus,not_found,False,,
3DF1OtBQvEZTslUJtMfuWq,happy,likely_western_other,pre_2010,error:ConnectionError,False,,
39ugD6vCdegVHhje6Li6ZE,calm,likely_vn,2020_plus,matched,True,"https://cdnt-preview.dzcdn.net/api/1/1/6/8/9/0/689bfde7bd25901be5a53745645800e4.mp3?hdnea=exp=1781591403~acl=/api/1/1/6/8/9/0/689bfde7bd25901be5a53745645800e4.mp3*~data=user_id=0,application_id=42~hmac=44ac3ef18f9dac2ca95d4e376ec6f12cb135350260afb09f1416cca8c557d94f",3277873461.0
1Lt5DqEmEsF1fvGLOljZYE,stressed,likely_western_other,2020_plus,error:ConnectionError,False,,
6XXKB32Om6WuXg3uEWwTob,calm,likely_western_other,2020_plus,error:ConnectionError,False,,
5n8y9vUrP62SpR3wiZBLxO,stressed,likely_western_other,2020_plus,error:ConnectionError,False,,
1tzTlRMcw9xDqrNRzj3H2g,calm,likely_vn,2020_plus,error:ConnectionError,False,,
24dNrApRkbE5yX8nIJPNV0,stressed,likely_western_other,2020_plus,error:ConnectionError,False,,
5nxQoXtonsIQ154ofTIlLq,calm,likely_western_other,2020_plus,error:ConnectionError,False,,
0USmt3XqoYJMssNex9gxAR,sad,likely_western_other,2010_2019,error:ConnectionError,False,,
447l6JfZdDYsmHjrJLRvEh,calm,likely_western_other,2020_plus,error:ConnectionError,False,,
1a4Y9OdQTIb0fISRnWa0mo,happy,likely_western_other,2020_plus,matched,True,"https://cdnt-preview.dzcdn.net/api/1/1/c/0/d/0/c0d7e312f5bdc4164dce485960261583.mp3?hdnea=exp=1781591501~acl=/api/1/1/c/0/d/0/c0d7e312f5bdc4164dce485960261583.mp3*~data=user_id=0,application_id=42~hmac=c9fce2921b63ba1282b5c9fa06ba5d9d87521b31a87d34bd5392ebf63cabfc1f",1810701687.0
3SH1vOTwgg5Ma1NhHaXvrA,calm,likely_vn,2020_plus,error:ConnectionError,False,,
7gDzPMTQg0ts3y0aVNudWq,happy,likely_western_other,2010_2019,matched,True,"https://cdnt-preview.dzcdn.net/api/1/1/5/4/c/0/54c1d2b2b42be948a336e779871472fe.mp3?hdnea=exp=1781591519~acl=/api/1/1/5/4/c/0/54c1d2b2b42be948a336e779871472fe.mp3*~data=user_id=0,application_id=42~hmac=779ce89047c091d4d27df819682c8f6d0f13bbb7c36d9391afb136f8f32c5907",580339842.0
4LSK7f5UJPRVsmPvPFI2bz,calm,likely_western_other,2020_plus,not_found,False,,
576XnNc7qavFn42RPIrzA9,romantic,likely_western_other,2020_plus,error:ConnectionError,False,,
5K6Ssv4Z3zRvxt0P6EKUAP,calm,likely_western_other,2020_plus,error:ConnectionError,False,,
0puufcqD6Oq4zbVdkZIxdm,happy,likely_western_other,2020_plus,matched,True,"https://cdnt-preview.dzcdn.net/api/1/1/9/3/5/0/935196a8f148a6933aae684f0ecef307.mp3?hdnea=exp=1781591552~acl=/api/1/1/9/3/5/0/935196a8f148a6933aae684f0ecef307.mp3*~data=user_id=0,application_id=42~hmac=e6d8548ff8838cd9d6257b82c501773ecd2b51cde1e51c615a904cd9fb2bb2c0",4035066671.0
1LHODapSN6B785VHGpIgVb,stressed,likely_western_other,2020_plus,matched,True,"https://cdnt-preview.dzcdn.net/api/1/1/0/7/b/0/07b86663372a9064fc4087ed61cc849c.mp3?hdnea=exp=1781591555~acl=/api/1/1/0/7/b/0/07b86663372a9064fc4087ed61cc849c.mp3*~data=user_id=0,application_id=42~hmac=1c25a6c22d78a6757e5b51975cffbd0ff243dcd56b7a30dd63dfa266b34553ad",3120465711.0
1GBq4uzexwoob5GJtzyvmh,sad,likely_vn,2020_plus,error:ConnectionError,False,,
1ZtAKEXUREd9ZWqkdhOoZY,happy,likely_western_other,pre_2010,error:ConnectionError,False,,
2xKVRZanim4bNzNlimYcq1,happy,likely_western_other,2010_2019,error:ConnectionError,False,,
5bYm1Y2n3woyUeLsDvKL9p,happy,likely_vn,2020_plus,matched,True,"https://cdnt-preview.dzcdn.net/api/1/1/9/c/f/0/9cf4f55b3c05d8f9a294eed433ff742a.mp3?hdnea=exp=1781591598~acl=/api/1/1/9/c/f/0/9cf4f55b3c05d8f9a294eed433ff742a.mp3*~data=user_id=0,application_id=42~hmac=93d332d6bb2cf8ccb8ba846b07da6bcca199b45d729a9083cb4b1e12dd2b09d5",2478051491.0
4vq7KUT7qvqw9owOCtEyKx,happy,likely_western_other,2020_plus,error:ConnectionError,False,,
3Fc9dxmfB0q5g82HFOmFMq,sad,likely_western_other,2020_plus,error:ConnectionError,False,,
7msBbh5WOdIEpTkbJ1amW3,sad,likely_western_other,2020_plus,matched,True,"https://cdnt-preview.dzcdn.net/api/1/1/2/5/d/0/25db2e67aa29a2cf44711870b68b92e4.mp3?hdnea=exp=1781591627~acl=/api/1/1/2/5/d/0/25db2e67aa29a2cf44711870b68b92e4.mp3*~data=user_id=0,application_id=42~hmac=dd92218a296914b946c19428247a8810695324e965a432953d7072844390d15b",2647297492.0
3SjilprGUZkX9vpGSQ3HRy,stressed,likely_western_other,2020_plus,matched,True,"https://cdnt-preview.dzcdn.net/api/1/1/0/c/f/0/0cfc45ffcf42c123645517ab1c412aab.mp3?hdnea=exp=1781591634~acl=/api/1/1/0/c/f/0/0cfc45ffcf42c123645517ab1c412aab.mp3*~data=user_id=0,application_id=42~hmac=8506c0267745a6f2180c0a90322475718815a3721be21ea16f8b2276fa2c3db3",3262872351.0
0iO2iCAjtX0t5duvczNQt6,sad,likely_western_other,2020_plus,matched,True,"https://cdnt-preview.dzcdn.net/api/1/1/7/1/3/0/71372ce790a5c0716b78a0c0ea91ed50.mp3?hdnea=exp=1781591642~acl=/api/1/1/7/1/3/0/71372ce790a5c0716b78a0c0ea91ed50.mp3*~data=user_id=0,application_id=42~hmac=6da2e3cc724cd2ccb334b069b9be01f8691bd76a7741e20dc60e072b1b584f6b",2097719527.0
4RR4J3d9GaqrTHuGKUgH4C,sad,likely_western_other,2020_plus,not_found,False,,
4FQ2OSUz5L75hNFbAeDINt,energetic,likely_western_other,2020_plus,matched,True,"https://cdnt-preview.dzcdn.net/api/1/1/a/7/5/0/a75235acfa11314713d7a37277bc247f.mp3?hdnea=exp=1781591661~acl=/api/1/1/a/7/5/0/a75235acfa11314713d7a37277bc247f.mp3*~data=user_id=0,application_id=42~hmac=5d02b39b2ac3f130ce17ef1613645afe960b736806a6bc598cbce09d9b7292cc",3218329371.0
4PJ0c9qgHprr5XizfHkMGs,sad,likely_western_other,2020_plus,matched,True,"https://cdnt-preview.dzcdn.net/api/1/1/e/9/d/0/e9dcc89d61f7f4e33a09f2505d4bda5d.mp3?hdnea=exp=1781591663~acl=/api/1/1/e/9/d/0/e9dcc89d61f7f4e33a09f2505d4bda5d.mp3*~data=user_id=0,application_id=42~hmac=8958286649f57bc6a32c980b68d3912cdb1bf12e14b2ca4fcf86aca90f33d08f",2338774395.0
6lLEN29GhjXkTI6YUsFdMH,sad,likely_western_other,2020_plus,error:ConnectionError,False,,
76jYkugU87oYh0USycF2e6,happy,likely_western_other,2020_plus,error:ConnectionError,False,,
6lhX6VcUOzQKT5VNPwmp9C,energetic,likely_western_other,2020_plus,matched,True,"https://cdnt-preview.dzcdn.net/api/1/1/8/6/2/0/8628ac17905f252c3b643a68b36e4a97.mp3?hdnea=exp=1781591687~acl=/api/1/1/8/6/2/0/8628ac17905f252c3b643a68b36e4a97.mp3*~data=user_id=0,application_id=42~hmac=21596e152da3922c18710f3b0988a9b57da776616d3fd9fec7656d74a21d272d",3641964662.0
4jzxV8mYdd7Y1EdH6mUHfN,calm,likely_western_other,2020_plus,error:ConnectionError,False,,
6IKiQmL6M6xAnwBcjhGzrF,calm,likely_vn,2020_plus,error:ConnectionError,False,,
0W6I02J9xcqK8MtSeosEXb,happy,likely_western_other,2020_plus,matched,True,"https://cdnt-preview.dzcdn.net/api/1/1/8/b/d/0/8bd11a18bf883661784eea09661a7667.mp3?hdnea=exp=1781591711~acl=/api/1/1/8/b/d/0/8bd11a18bf883661784eea09661a7667.mp3*~data=user_id=0,application_id=42~hmac=43e0f6292e158ec8a5f88bd52f188b3f4e4756ee478f7a49dda13f0e856ef7ad",1410738072.0
364dI1bYnvamSnBJ8JcNzN,calm,likely_western_other,2020_plus,matched,True,"https://cdnt-preview.dzcdn.net/api/1/1/a/0/a/0/a0a2ce3ec61feda27e3da690fed81a55.mp3?hdnea=exp=1781591719~acl=/api/1/1/a/0/a/0/a0a2ce3ec61feda27e3da690fed81a55.mp3*~data=user_id=0,application_id=42~hmac=309f33f25b7cf758e2f4c986865913e19504683de87e672679a48adf3a1b4dbb",870979432.0
0azC730Exh71aQlOt9Zj3y,calm,likely_western_other,2010_2019,matched,True,"https://cdnt-preview.dzcdn.net/api/1/1/e/e/9/0/ee9343b8c6302f49270fd6e96321276c.mp3?hdnea=exp=1781591727~acl=/api/1/1/e/e/9/0/ee9343b8c6302f49270fd6e96321276c.mp3*~data=user_id=0,application_id=42~hmac=e5f141b2af531c714d5a61d5219a2ca4440e2714785d41aa623d6e38dd666d1b",123883254.0
0efwwcHmAIBDIn8QSxIwE4,calm,likely_western_other,2020_plus,not_found,False,,
79NkKB7p0paBIrq4BAc1aI,calm,likely_vn,2020_plus,error:ConnectionError,False,,
2ScmNRMUlQ5EPYa57dME2e,sad,likely_western_other,2020_plus,error:ConnectionError,False,,
4V1TOoANnpTNEXaDH95MKe,sad,likely_western_other,2020_plus,error:ConnectionError,False,,
1xK59OXxi2TAAAbmZK0kBL,romantic,likely_western_other,2020_plus,matched,True,"https://cdnt-preview.dzcdn.net/api/1/1/c/d/6/0/cd620b10a54425f08f3545e25ebd2318.mp3?hdnea=exp=1781591781~acl=/api/1/1/c/d/6/0/cd620b10a54425f08f3545e25ebd2318.mp3*~data=user_id=0,application_id=42~hmac=909c992ed3ffe1593b5e983c10cb151ffda2713998637561c87fa436a53b8da3",2064150177.0
3lqERkC8laIxCE9vfvslig,happy,likely_western_other,2020_plus,error:ConnectionError,False,,
5w7wuzMzsDer96KqxafeRK,calm,likely_western_other,2010_2019,error:ConnectionError,False,,
6o2WunQapVQ2BWGRlypmT7,happy,likely_western_other,2020_plus,error:ConnectionError,False,,
02VomyV2YmyAn5xR0v5X5w,romantic,likely_western_other,2020_plus,error:ConnectionError,False,,
5e29L3mbUbN697F5LgS2cj,stressed,likely_western_other,unknown_year,matched,True,"https://cdnt-preview.dzcdn.net/api/1/1/5/7/8/0/57844012a393a08ddf6f9a455d55f594.mp3?hdnea=exp=1781591834~acl=/api/1/1/5/7/8/0/57844012a393a08ddf6f9a455d55f594.mp3*~data=user_id=0,application_id=42~hmac=8a0f08cf048c899134b54c26d5a432048de8645474df73781e0bd29974cf5c75",2796318392.0
6BgaaxadJ1jr5GEYDiUSbx,calm,likely_western_other,2020_plus,error:ConnectionError,False,,
60r4MMfatilPc5rS52kgNQ,happy,likely_western_other,2020_plus,error:ConnectionError,False,,
6lATKXWmkGvxj2l7J5HZ57,calm,likely_western_other,2020_plus,matched,True,"https://cdnt-preview.dzcdn.net/api/1/1/c/f/6/0/cf6e49bc74cdc41507e172bcf4490787.mp3?hdnea=exp=1781591860~acl=/api/1/1/c/f/6/0/cf6e49bc74cdc41507e172bcf4490787.mp3*~data=user_id=0,application_id=42~hmac=e96a050a3495e8f7a541e38c2de9149594cfbeaf2b6e3d41327c7c10a9473019",2367799035.0
3TnjzoXmTUJFQj2m6bZHlI,romantic,likely_western_other,2020_plus,matched,True,"https://cdnt-preview.dzcdn.net/api/1/1/6/c/1/0/6c1cdfc80a4188c0929251b9c7426b6f.mp3?hdnea=exp=1781591864~acl=/api/1/1/6/c/1/0/6c1cdfc80a4188c0929251b9c7426b6f.mp3*~data=user_id=0,application_id=42~hmac=395abc0569c179cca40aa5a0c1a48014dc2ac438979702914a441c45ac71769d",3277864261.0
7vNfFdlWpwleZW3WVrHcf2,stressed,likely_western_other,2010_2019,matched,True,"https://cdnt-preview.dzcdn.net/api/1/1/d/f/3/0/df3d421d3d24e57bc78f066218ffa04b.mp3?hdnea=exp=1781591867~acl=/api/1/1/d/f/3/0/df3d421d3d24e57bc78f066218ffa04b.mp3*~data=user_id=0,application_id=42~hmac=0b118d7fe3f467a219d03f2830c1c99caa4737015c6e28f48539d8f198bd761b",382528691.0
0e8nrvls4Qqv5Rfa2UhqmO,calm,likely_western_other,2020_plus,error:ConnectionError,False,,
3mUbUAa1LlqdgrJKFkfNT2,energetic,likely_western_other,2020_plus,error:ConnectionError,False,,
70tmdhbUPcVxIxCIpChscl,calm,likely_vn,2020_plus,error:ConnectionError,False,,
610NBTZVH4OsT2MtFCtswH,calm,likely_western_other,2020_plus,not_found,False,,
0RoA7ObU6phWpqhlC9zH4Z,sad,likely_western_other,2010_2019,error:ConnectionError,False,,
0ssxoYXlw70MY4lh3JsI9q,sad,likely_western_other,2020_plus,error:ConnectionError,False,,
5wGyswmLznW0JynbejzquB,calm,likely_western_other,2020_plus,matched_fuzzy,True,"https://cdnt-preview.dzcdn.net/api/1/1/5/6/6/0/566943cef6b32782d38db87c6aaac9f8.mp3?hdnea=exp=1781591950~acl=/api/1/1/5/6/6/0/566943cef6b32782d38db87c6aaac9f8.mp3*~data=user_id=0,application_id=42~hmac=8f1256375056157c3f125ca77bdb54d52d87d7354da20ec3d66247bb440981fd",3124991851.0
7nVyLj4ojgyG8WePISdCko,happy,likely_western_other,2020_plus,matched,True,"https://cdnt-preview.dzcdn.net/api/1/1/f/c/6/0/fc62301199c4b3796a55f8047ed2d4e6.mp3?hdnea=exp=1781591951~acl=/api/1/1/f/c/6/0/fc62301199c4b3796a55f8047ed2d4e6.mp3*~data=user_id=0,application_id=42~hmac=dd48eaf7f604aeb11446ac647a66fb9c3b214e0e3b7cc1ceadef456ea478dbbe",1045853782.0
0kpyUB7Ec786btHC5C6Xa3,calm,likely_vn,2010_2019,error:ConnectionError,False,,
3pxWcF7ohfDbYsLk15GTol,energetic,likely_western_other,2020_plus,error:ConnectionError,False,,
7Ki2fTfTdDhqY2AY8muY5z,happy,likely_western_other,2020_plus,matched,True,"https://cdnt-preview.dzcdn.net/api/1/1/f/c/1/0/fc15a631e8f95ea1e16b793685c70d32.mp3?hdnea=exp=1781591985~acl=/api/1/1/f/c/1/0/fc15a631e8f95ea1e16b793685c70d32.mp3*~data=user_id=0,application_id=42~hmac=4c742bdd023b79f1ed6b41e306c2e091aba17d2a3c0896fef08c3bc5d576392a",3541548411.0
5y2ijHECwFYWqcAHKTZgzD,romantic,likely_western_other,2020_plus,matched,True,"https://cdnt-preview.dzcdn.net/api/1/1/e/d/f/0/edfe95b3d116a20fa3dce517e7f57636.mp3?hdnea=exp=1781591994~acl=/api/1/1/e/d/f/0/edfe95b3d116a20fa3dce517e7f57636.mp3*~data=user_id=0,application_id=42~hmac=09d6388d10cd49a0f38725814d51dd35360c6849a0a36f315efb43a0318a5844",4056906451.0
0AdNthpY5nOB70TJ3OxCt6,calm,likely_western_other,2020_plus,matched,True,"https://cdnt-preview.dzcdn.net/api/1/1/7/6/c/0/76c8d0cab39999b922cb73f05ac931e6.mp3?hdnea=exp=1781591995~acl=/api/1/1/7/6/c/0/76c8d0cab39999b922cb73f05ac931e6.mp3*~data=user_id=0,application_id=42~hmac=6116f64e8efc1ca6bc14b54d60641bc74dfb48d4b6c6c560d718c4a60033f15a",2876240062.0
72PVbRKkUimweUPV0nKAPs,happy,likely_western_other,2020_plus,matched,True,"https://cdnt-preview.dzcdn.net/api/1/1/5/d/4/0/5d4e17af01b5437d865f1786001969dd.mp3?hdnea=exp=1781592004~acl=/api/1/1/5/d/4/0/5d4e17af01b5437d865f1786001969dd.mp3*~data=user_id=0,application_id=42~hmac=3c521cc7f8a24f0b711fd21d18c05e2e77515ee00bc59041f8d226347c572440",3454558651.0
3J3wJVAIe0HmPWaD9vSsGQ,energetic,likely_western_other,2020_plus,error:ConnectionError,False,,
2RiFPO2xWSEOcpAuC5vrm6,sad,likely_western_other,pre_2010,error:ReadTimeout,False,,
4BaZDllfIcJM62yjQyHcOE,happy,likely_western_other,2010_2019,matched,True,"https://cdnt-preview.dzcdn.net/api/1/1/9/a/b/0/9ab7a6391097442784825a00703d0476.mp3?hdnea=exp=1781592104~acl=/api/1/1/9/a/b/0/9ab7a6391097442784825a00703d0476.mp3*~data=user_id=0,application_id=42~hmac=687bceec1e2ee3b26b8902a3502dcbc541c0f1c126b1e25b0949032888ec220d",3025888161.0
3aAcQuFI7YzUnWk7BmrO0I,sad,likely_western_other,2020_plus,not_found,False,,
3GYlZ7tbxLOxe6ewMNVTkw,calm,likely_western_other,2020_plus,matched,True,"https://cdnt-preview.dzcdn.net/api/1/1/f/c/9/0/fc95b8de262354da399a47978d42d817.mp3?hdnea=exp=1781592120~acl=/api/1/1/f/c/9/0/fc95b8de262354da399a47978d42d817.mp3*~data=user_id=0,application_id=42~hmac=92de8471d85689349dfaa482bfeeddc7bc54c93a4f1e540123ed7dab2f1dd556",2064145737.0
3x7Hh3zsE1wcXCU2G8l5tP,happy,likely_western_other,2020_plus,error:ConnectionError,False,,
3Dh9o0cboGEOvQ3kYPWv1H,stressed,likely_western_other,2020_plus,error:ConnectionError,False,,
7DkH8kMdaAAAjrZcbnxjj5,happy,likely_western_other,2020_plus,matched_fuzzy,True,"https://cdnt-preview.dzcdn.net/api/1/1/3/6/a/0/36a1f332e69ab6e4ab5e726881bf4639.mp3?hdnea=exp=1781592144~acl=/api/1/1/3/6/a/0/36a1f332e69ab6e4ab5e726881bf4639.mp3*~data=user_id=0,application_id=42~hmac=737f6e2ae9783d580f8f24b8539be494183ba4cf1f717274748970c2c95f830a",2799968762.0
6wXmN3g47fW7iyLNQ3UwCn,romantic,likely_vn,2010_2019,error:ConnectionError,False,,
1LZ4HQWnhZlGx4sKQFNZ7i,sad,likely_western_other,2020_plus,error:ConnectionError,False,,
2RXX6oeWyG8HId9b3Rph9b,sad,likely_western_other,2010_2019,error:ConnectionError,False,,
5LLH7MYj1RDH5jsIa76gFC,happy,likely_vn,2020_plus,matched_fuzzy,True,"https://cdnt-preview.dzcdn.net/api/1/1/c/f/7/0/cf70e54fa3a6408870ac98c2e4dcea37.mp3?hdnea=exp=1781592181~acl=/api/1/1/c/f/7/0/cf70e54fa3a6408870ac98c2e4dcea37.mp3*~data=user_id=0,application_id=42~hmac=0d5a5ed920060726bfd12a8fc5db476ac5bd90ba5bdaae5291044ef2bf0dd53a",2823698252.0
1Dq5By1yUrOB0zSxhCc5v8,sad,likely_western_other,2020_plus,error:ConnectionError,False,,
0vtJ9Dq53hfXE3KyP1yPni,happy,likely_western_other,pre_2010,error:ConnectionError,False,,
6GAcDG7qIaXFITlZhKXCbu,happy,likely_western_other,2010_2019,not_found,False,,
5eRVs0QyysvRSS8hwTsJJQ,happy,likely_western_other,2020_plus,matched,True,"https://cdnt-preview.dzcdn.net/api/1/1/c/e/c/0/cec280f7eea0c6823c8cdb44e89f86aa.mp3?hdnea=exp=1781592224~acl=/api/1/1/c/e/c/0/cec280f7eea0c6823c8cdb44e89f86aa.mp3*~data=user_id=0,application_id=42~hmac=599752ec4f64d9b250c541335e5ed4c7d7815d943aa8e23981b7348f596d24d6",2704452202.0
21B4gaTWnTkuSh77iWEXdS,calm,likely_western_other,2020_plus,error:ConnectionError,False,,
0ZxS5AhNqDKvkK1UBFwRJU,energetic,likely_western_other,2020_plus,matched,True,"https://cdnt-preview.dzcdn.net/api/1/1/6/7/f/0/67f57dbc7266ccd669e3a8dcdb83d6af.mp3?hdnea=exp=1781592240~acl=/api/1/1/6/7/f/0/67f57dbc7266ccd669e3a8dcdb83d6af.mp3*~data=user_id=0,application_id=42~hmac=a5be7416a83e6679bf877b0aca7c5df6bb5aa74cd97bd7172afcc21c35876a2b",2196590727.0
2CvOqDpQIMw69cCzWqr5yr,calm,likely_vn,unknown_year,matched,True,"https://cdnt-preview.dzcdn.net/api/1/1/3/3/8/0/338f097585c9468888ac77e0abd34ff5.mp3?hdnea=exp=1781592241~acl=/api/1/1/3/3/8/0/338f097585c9468888ac77e0abd34ff5.mp3*~data=user_id=0,application_id=42~hmac=bb2e11510325748f25fd47b954e5ad09cba0b34a730b5610ae589e3d7247b7aa",15593283.0
1F0qbva0fUg3oxvBOIfy1z,happy,likely_asia_non_vn,2020_plus,error:ConnectionError,False,,
0FulmAyNlu1Oor1u5r7Hfu,happy,likely_western_other,2020_plus,not_found,False,,
31jZYFQEtq0ud5y9fDN4cw,romantic,likely_western_other,2020_plus,matched,True,"https://cdnt-preview.dzcdn.net/api/1/1/5/5/f/0/55ff63a6d5145f21dbb84990342f8175.mp3?hdnea=exp=1781592264~acl=/api/1/1/5/5/f/0/55ff63a6d5145f21dbb84990342f8175.mp3*~data=user_id=0,application_id=42~hmac=226ba027daebc29461c6ae3a05a35ce2eea910990994ec348cb2934ab66afef2",2506867481.0
3CHOr5EkaZ6uyED07cATW3,calm,likely_western_other,2020_plus,error:ConnectionError,False,,
2707FUsKLBJHDznDXAM1ea,sad,likely_western_other,2020_plus,matched,True,"https://cdnt-preview.dzcdn.net/api/1/1/c/e/f/0/cef3e97e7928241146df7620a805c89f.mp3?hdnea=exp=1781592279~acl=/api/1/1/c/e/f/0/cef3e97e7928241146df7620a805c89f.mp3*~data=user_id=0,application_id=42~hmac=56d9ec727d537c118069d8aadd9526357f070b61c33b477c538cb5cf8aff9b4d",1700672317.0
2t1giIdZBYtrCXIFX3yoal,sad,likely_western_other,2020_plus,matched,True,"https://cdnt-preview.dzcdn.net/api/1/1/e/0/f/0/e0fdfdd2afb317318a594866a59ac6fd.mp3?hdnea=exp=1781592286~acl=/api/1/1/e/0/f/0/e0fdfdd2afb317318a594866a59ac6fd.mp3*~data=user_id=0,application_id=42~hmac=8642b8d06abeecd09aa7ede53a39792a4650f385325d5c617d6cf443a81db4f5",3834922931.0
2Bdy8zcHu8V9TAAvmbFQKA,stressed,likely_western_other,unknown_year,not_found,False,,
49FYlytm3dAAraYgpoJZux,calm,likely_vn,pre_2010,matched,True,"https://cdnt-preview.dzcdn.net/api/1/1/8/f/3/0/8f3edabed873e0b9d0d8c2d19fe0c63f.mp3?hdnea=exp=1781592299~acl=/api/1/1/8/f/3/0/8f3edabed873e0b9d0d8c2d19fe0c63f.mp3*~data=user_id=0,application_id=42~hmac=d6812be56bf115a18316d276cfab40ec84370279348a7765e910b21f98a6c099",1171629.0
30JDj5f2NPomuGZiUpn0jx,calm,likely_western_other,2020_plus,matched,True,"https://cdnt-preview.dzcdn.net/api/1/1/9/7/e/0/97e0e85aea7f1fe575e9b48fddd08c42.mp3?hdnea=exp=1781592301~acl=/api/1/1/9/7/e/0/97e0e85aea7f1fe575e9b48fddd08c42.mp3*~data=user_id=0,application_id=42~hmac=37fc913887ba0251f73694ba20795b204a9e9e2624eea312db7029abd51d2e3a",3586815521.0
1tLZhEZgYZGP0GeopkBjSG,calm,likely_western_other,2020_plus,matched,True,"https://cdnt-preview.dzcdn.net/api/1/1/b/8/a/0/b8a42f4ae43b2a61b320f5317b299522.mp3?hdnea=exp=1781592308~acl=/api/1/1/b/8/a/0/b8a42f4ae43b2a61b320f5317b299522.mp3*~data=user_id=0,application_id=42~hmac=a38ffddde2736ec7fe38020d093ea9c69c97b8bf5f8cf61eba1564e1f076fd24",3550350861.0
2wpeakU7sPdbgVcSi42vcu,stressed,likely_western_other,2020_plus,error:ConnectionError,False,,
4L153k7g4CmcM8swPFKQYi,sad,likely_vn,2020_plus,error:ConnectionError,False,,
0TZsQ6bWSWsvogmsT17wyZ,calm,likely_western_other,2020_plus,error:ConnectionError,False,,
3yrgEWD8eP6CX0AaXxriBx,happy,likely_vn,2020_plus,matched,True,"https://cdnt-preview.dzcdn.net/api/1/1/5/0/1/0/501e0e0bf29fdddae5806c7415307eab.mp3?hdnea=exp=1781592346~acl=/api/1/1/5/0/1/0/501e0e0bf29fdddae5806c7415307eab.mp3*~data=user_id=0,application_id=42~hmac=5540782585f5469d3acfb6d7c4c11fc17ec905020e2253a8e970b07fb75b2c2a",3608895722.0
3DnNlzei9IcXa9xdsXdGnr,sad,likely_western_other,2020_plus,matched,True,"https://cdnt-preview.dzcdn.net/api/1/1/5/4/f/0/54ff58067bd593b2ab50c1b66eae19c7.mp3?hdnea=exp=1781592353~acl=/api/1/1/5/4/f/0/54ff58067bd593b2ab50c1b66eae19c7.mp3*~data=user_id=0,application_id=42~hmac=b9ebb9bee47481856396fe234dfaeff2850b6019f6807118d9faea4301581cf4",3080340871.0
67b1hgLWiqeV0FWhwF04cH,stressed,likely_western_other,2020_plus,not_found,False,,
5Pp5OJCevvVjGFhJpMtgib,romantic,likely_western_other,2020_plus,matched,True,"https://cdnt-preview.dzcdn.net/api/1/1/3/2/f/0/32fadbbb79bf24e53dfca9711a380a1d.mp3?hdnea=exp=1781592370~acl=/api/1/1/3/2/f/0/32fadbbb79bf24e53dfca9711a380a1d.mp3*~data=user_id=0,application_id=42~hmac=37c620816d67c14d468652d193811dc4616b9dd92559eee5b363765c13137bec",3782912652.0
3Xb5zsFKmMK0vFREp1mc2U,calm,likely_western_other,2020_plus,matched,True,"https://cdnt-preview.dzcdn.net/api/1/1/1/9/6/0/196f01f1e48f4bf3b2077d0d9d7c021c.mp3?hdnea=exp=1781592377~acl=/api/1/1/1/9/6/0/196f01f1e48f4bf3b2077d0d9d7c021c.mp3*~data=user_id=0,application_id=42~hmac=cddc5c94461a7378cfff09409a0f37926a83370e761688d30d55a71ef095ca55",1911818447.0
6dNmLrJ7w59xKeOaACcDyD,calm,likely_western_other,2020_plus,error:ConnectionError,False,,
24lnkg0qRLKQo4Aq5vmNOR,happy,likely_western_other,2020_plus,matched,True,"https://cdnt-preview.dzcdn.net/api/1/1/8/b/6/0/8b6621e47f582e1241cc3837fd63fd9e.mp3?hdnea=exp=1781592396~acl=/api/1/1/8/b/6/0/8b6621e47f582e1241cc3837fd63fd9e.mp3*~data=user_id=0,application_id=42~hmac=9a7b4f2213f6778043110a95cc270c06e5ca93ec764deaf31eb49add22c19f50",2181798577.0
48lTHzrbpUXPk1HaNOf0xh,stressed,likely_western_other,2020_plus,error:ConnectionError,False,,
0Ctjf2OybepUj3LHeP4tlL,calm,likely_western_other,2020_plus,error:ConnectionError,False,,
2b24VHScbnVu1yICg5LgVy,stressed,likely_western_other,2020_plus,matched,True,"https://cdnt-preview.dzcdn.net/api/1/1/5/a/c/0/5ace1b3df4b898c48fb37ef65f3cac72.mp3?hdnea=exp=1781592419~acl=/api/1/1/5/a/c/0/5ace1b3df4b898c48fb37ef65f3cac72.mp3*~data=user_id=0,application_id=42~hmac=c5ae1b5c79dd311cbfec4f7d93d8ba4f20b0bd39e276db35a0fd8214cdf8174a",3632402012.0
60FTvODxDpwUGuTxOK2UQv,happy,likely_western_other,2020_plus,error:ConnectionError,False,,
77pfjsq0gSZwO8bYVTVROo,happy,likely_western_other,2020_plus,error:ConnectionError,False,,
1sIzlvINIVmf8qLRNshWFB,stressed,likely_vn,2020_plus,error:ConnectionError,False,,
6Fev46QsxkqgviAe8uyTdM,calm,likely_western_other,2020_plus,error:ConnectionError,False,,
1XkUE1LI5GFuLmrW5ddnUI,calm,likely_western_other,2010_2019,error:ConnectionError,False,,
2kwcZvVxa08tML7f2SnBWw,sad,likely_western_other,2020_plus,error:ConnectionError,False,,
3FL463L5mRc1aAQHbWYETI,calm,likely_vn,2020_plus,matched_fuzzy,True,"https://cdnt-preview.dzcdn.net/api/1/1/6/8/9/0/689a000717704d43e63ac15882b9e388.mp3?hdnea=exp=1781592489~acl=/api/1/1/6/8/9/0/689a000717704d43e63ac15882b9e388.mp3*~data=user_id=0,application_id=42~hmac=aac804e0d52cb6f26625a6575a1ed48f26196232d219e4292410c6a50053a871",3105882491.0
0RrevZ4nkQAP3krXXjq9Cf,energetic,likely_western_other,2010_2019,matched,True,"https://cdnt-preview.dzcdn.net/api/1/1/3/6/f/0/36fc73bd37cbda754ddf2e0ece7cd359.mp3?hdnea=exp=1781592496~acl=/api/1/1/3/6/f/0/36fc73bd37cbda754ddf2e0ece7cd359.mp3*~data=user_id=0,application_id=42~hmac=1e3e5315669f133332fbc384b9d4aa423a83be7122d8889523a3271e19c08b27",717420502.0
6OVlpeBwOHkoouoCoATKcZ,sad,likely_vn,2020_plus,error:ConnectionError,False,,
1cOwuAdy6uO1QLsRnYx8XX,romantic,likely_western_other,2020_plus,matched,True,"https://cdnt-preview.dzcdn.net/api/1/1/9/8/2/0/982310231f8eb1d547be03ae5770be90.mp3?hdnea=exp=1781592511~acl=/api/1/1/9/8/2/0/982310231f8eb1d547be03ae5770be90.mp3*~data=user_id=0,application_id=42~hmac=d94a5a94dc349db0e2786ab17adfad457df70a73c01a7fd07b938373135790ac",3350390051.0
6qkg1OGL8xlsTHGO61MrUP,stressed,likely_western_other,2020_plus,error:ConnectionError,False,,
3Ysx35TLlJwN843qQZ6chH,happy,likely_western_other,2020_plus,error:ConnectionError,False,,
5MqO1G0WEI64JzEHoNxyYQ,stressed,likely_western_other,2020_plus,error:ConnectionError,False,,
7sSIaTlgjkTmgm5i4r2k2s,happy,likely_western_other,2020_plus,error:ConnectionError,False,,
1LVCKe13213oxFmuCQCdm1,stressed,likely_western_other,2020_plus,error:ConnectionError,False,,
7BTyDHt1ftZkRvSxZMVUCu,stressed,likely_vn,2020_plus,error:ConnectionError,False,,
